"","metabolite","feature_id","compound_superclass","molecular_formula","adduct","precursor_formula","npc_number_pathway","npc_number_pathway_probability","npc_number_superclass","npc_number_superclass_probability","npc_number_class","npc_number_class_probability","classy_fire_number_most_specific_class","classy_fire_number_most_specific_class_probability","gnps_cosine_score","gnps_mz_error_ppm","gnps_compound_name","gnps_compound_class","gnps_compound_subclass","coraldb_cosine_score","coraldb_mz_error_ppm","coraldb_compound_family","coraldb_compound_superclass","coraldb_compound_class","exact_mass","database","clusterIndex","refined_origin","compound_class","coraldb_compound_name"
"1","x3156_482_36064_2_937",3156,"Phosphatidylglycerocholines","C24H52NO6P","[M + H]+","C24H52NO6P","Fatty acids",0.999980807304382,"Glycerophospholipids",0.999315619468689,"Glycerophosphocholines",0.997665047645569,"Glycerophosphocholines",0.957442760467529,0.931122,1.26534,"Spectral Match to 1-Hexadecyl-sn-glycero-3-phosphocholine from NIST14","Glycerophospholipids","Glycerophosphocholines",0.994773,0.189801,"Phospholipid","Phosphatidylglycerocholines","Lyso-PC(alkyl)",482.36047,"Niarox",30246,"Host","Lyso-PC(alkyl)","Lyso-PC(O-16:0) [M+H]+"
"2","x19279_643_51751_9_054",19279,"Ceramide aminoethylphosphonates","C38H66N4O4","[M + H]+","C38H66N4O4","Fatty acids",0.989674389362335,"Sphingolipids",0.990752100944519,"Ceramides",0.976433336734772,"Unknown",0.502224445343018,NA,NA,NA,NA,NA,0.878557,0.379385,"Phosphoshingolipids","Ceramide aminoethylphosphonates","CAEP",643.5173,"KARP",122777,"Host","CAEP","CAEP(34:2;O2) [M+H]+"
"3","x26021_752_55957_12_218",26021,"Phosphatidylglyceroethanolamines","C45H73N3O6","[M + H]+","C45H73N3O6","Unknown",0.72005707025528,"Unknown",0.227148041129112,"Unknown",0.131923899054527,"Unknown",0.765769064426422,NA,NA,NA,NA,NA,0.914936,0.892138,"Phospholipid","Phosphatidylglyceroethanolamines","PE (mono-alkyl-mono-acyl)",752.5589,"Niarox",90262,"Host","PE (mono-alkyl-mono-acyl)","PE(O-38:5) [M+H]+"
"4","x22281_518_49367_10_602",22281,"Sphingolipids","C34H63NO2","[M + H]+","C34H63NO2","Fatty acids",0.998386263847351,"Sphingolipids",0.993455946445465,"Ceramides",0.996395885944366,"Ceramides",0.997822642326355,NA,NA,NA,NA,NA,NA,NA,NA,NA,NA,NA,NA,NA,"Host","Ceramides",NA
"5","x6230_466_32962_3_999",6230,"Unknown","C23H48NO6P","[M + H]+","C23H48NO6P","Fatty acids",0.999787628650665,"Unknown",0.795124292373657,"Unknown",0.64320433139801,"Unknown",0.713779866695404,NA,NA,NA,NA,NA,NA,NA,NA,NA,NA,NA,NA,NA,"Host","Unknown",NA
"6","x22869_771_59779_10_97",22869,"Oligopeptides","C43H80N4O6","[M + Na]+","C43H80N4O6","Amino acids and Peptides",0.856738269329071,"Oligopeptides",0.935707449913025,"Unknown",0.388968259096146,"Alpha amino acids and derivatives",0.990633606910706,NA,NA,NA,NA,NA,NA,NA,NA,NA,NA,NA,NA,NA,"Host","Glycerophosphocholines",NA
"7","x22799_790_57142_10_937",22799,"Oligopeptides","C43H75N5O8","[M + H]+","C43H75N5O8","Amino acids and Peptides",0.992226958274841,"Oligopeptides",0.978181064128876,"Unknown",0.24632465839386,"Peptides",0.890842437744141,NA,NA,NA,NA,NA,NA,NA,NA,NA,NA,NA,NA,NA,"Host","Unknown",NA
"8","x23841_932_62245_11_539",23841,"Phosphatidylglyceroinositols","C51H85N3O12","[M + H]+","C51H85N3O12","Polyketides",0.876544415950775,"Unknown",0.499118566513062,"Unknown",0.57756495475769,"Unknown",0.556153118610382,NA,NA,NA,NA,NA,0.844002,0.196334,"Phospholipid","Phosphatidylglyceroinositols","PI (diacyl)",932.6223,"Niarox",88428,"Host","PI (diacyl)","PI(18:0/22:4) [M+NH4]+"
"9","x6084_532_3736_3_947",6084,"Glycerophospholipids","C26H56NO6P","[M + Na]+","C26H56NO6P","Fatty acids",0.99998676776886,"Glycerophospholipids",0.999600112438202,"Glycerophosphocholines",0.998271107673645,"Glycerophosphocholines",0.960107028484344,NA,NA,NA,NA,NA,NA,NA,NA,NA,NA,NA,NA,NA,"Host","Glycerophosphocholines",NA
"10","x19310_665_49861_9_069",19310,"Unknown","C37H70O8","[M + Na]+","C37H70O8","Polyketides",0.913308501243591,"Unknown",0.386893659830093,"Macrotetrolides",0.914746701717377,"Unknown",0.655241727828979,NA,NA,NA,NA,NA,NA,NA,NA,NA,NA,NA,NA,NA,"Host","Macrotetrolides",NA
"11","x6689_344_35256_4_145",6689,"Unknown","C21H45NO2","[M + H]+","C21H45NO2","Fatty acids",0.992244303226471,"Unknown",0.52755481004715,"Unknown",0.161600887775421,"Unknown",0.617767751216888,NA,NA,NA,NA,NA,NA,NA,NA,NA,NA,NA,NA,NA,"Host","Unknown",NA
"12","x20473_788_55523_9_685",20473,"Oligopeptides","C43H73N5O8","[M + H]+","C43H73N5O8","Amino acids and Peptides",0.990362703800201,"Oligopeptides",0.970787525177002,"Unknown",0.289532274007797,"Unknown",0.843996107578278,NA,NA,NA,NA,NA,NA,NA,NA,NA,NA,NA,NA,NA,"Host","Unknown",NA
"13","x31046_620_59826_13_466",31046,"Sphingolipids","C40H77NO3","[M + H]+","C40H77NO3","Fatty acids",0.999792635440826,"Sphingolipids",0.998835265636444,"Ceramides",0.998756051063538,"Ceramides",0.999861478805542,NA,NA,NA,NA,NA,NA,NA,NA,NA,NA,NA,NA,NA,"Host","Ceramides",NA
"14","x27982_604_56684_12_699",27982,"Sphingolipids","C39H73NO3","[M + H]+","C39H73NO3","Fatty acids",0.999650835990906,"Sphingolipids",0.996695399284363,"Ceramides",0.998220860958099,"Ceramides",0.999621033668518,NA,NA,NA,NA,NA,NA,NA,NA,NA,NA,NA,NA,NA,"Host","Ceramides",NA
"15","x4496_496_37644_3_479",4496,"Phosphatidylglycerocholines","C25H54NO6P","[M + H]+","C25H54NO6P","Fatty acids",0.999992489814758,"Glycerophospholipids",0.999237537384033,"Glycerophosphocholines",0.996096432209015,"Glycerophosphocholines",0.95508086681366,NA,NA,NA,NA,NA,0.978396,0.614808,"Phospholipid","Phosphatidylglycerocholines","Lyso-PC(alkyl)",496.37617,"Niarox",35852,"Host","Lyso-PC(alkyl)","Lyso-PC(O-17:0) [M+H]+"
"16","x25776_818_60241_12_14",25776,"Oligopeptides","C45H79N5O8","[M + H]+","C45H79N5O8","Amino acids and Peptides",0.996116876602173,"Oligopeptides",0.979487597942352,"Unknown",0.156591340899467,"Peptides",0.932101845741272,NA,NA,NA,NA,NA,NA,NA,NA,NA,NA,NA,NA,NA,"Host","Unknown",NA
"17","x22037_768_59132_10_443",22037,"Glycerophospholipids","C44H82NO7P","[M + H]+","C44H82NO7P","Fatty acids",0.9999840259552,"Glycerophospholipids",0.999478280544281,"Glycerophosphocholines",0.999208509922028,"1-alkyl,2-acylglycero-3-phosphocholines",0.997481524944305,NA,NA,NA,NA,NA,NA,NA,NA,NA,NA,NA,NA,NA,"Host","PC(alkyl)","PC(O-34:4) [M+H]+"
"18","x23028_752_59618_11_083",23028,"Glycerophospholipids","C42H84NO6P","[M + Na]+","C42H84NO6P","Fatty acids",0.99998950958252,"Glycerophospholipids",0.99960869550705,"Glycerophosphocholines",0.998002827167511,"Unknown",0.690560221672058,NA,NA,NA,NA,NA,NA,NA,NA,NA,NA,NA,NA,NA,"Host","Glycerophosphocholines",NA
"19","x21104_667_51515_9_991",21104,"Sphingolipids","C36H73N2O5P","[M + Na]+","C36H73N2O5P","Fatty acids",0.999562799930572,"Sphingolipids",0.999018549919128,"Phosphosphingolipids",0.942880094051361,"Phosphosphingolipids",0.996712565422058,NA,NA,NA,NA,NA,NA,NA,NA,NA,NA,NA,NA,NA,"Host","Phosphosphingolipids",NA
"20","x22804_780_58887_10_928",22804,"Glycerophospholipids","C43H84NO7P","[M + Na]+","C43H84NO7P","Fatty acids",0.999746024608612,"Glycerophospholipids",0.996979355812073,"Unknown",0.79968386888504,"Unknown",0.773122370243073,NA,NA,NA,NA,NA,NA,NA,NA,NA,NA,NA,NA,NA,"Host","Unknown",NA
"21","x31750_634_61382_13_623",31750,"Sphingolipids","C41H79NO3","[M + H]+","C41H79NO3","Fatty acids",0.999769985675812,"Sphingolipids",0.998829782009125,"Ceramides",0.99874484539032,"Ceramides",0.999855756759644,NA,NA,NA,NA,NA,NA,NA,NA,NA,NA,NA,NA,NA,"Host","Ceramides",NA
"22","x4860_546_35343_3_581",4860,"Glycerophospholipids","C26H54NO7P","[M + Na]+","C26H54NO7P","Fatty acids",0.998013377189636,"Glycerophospholipids",0.999903082847595,"Glycerophosphocholines",0.99859756231308,"1-acyl-sn-glycero-3-phosphocholines",0.926068782806396,0.885071,4.35685,"Spectral Match to 1-Octadecanoyl-sn-glycero-3-phosphocholine from NIST14","Glycerophospholipids","Glycerophosphocholines",NA,NA,NA,NA,NA,NA,NA,NA,"Host","Glycerophosphocholines",NA
"23","x23260_532_50935_11_213",23260,"Sphingolipids","C35H65NO2","[M + H]+","C35H65NO2","Fatty acids",0.992476165294647,"Sphingolipids",0.991090416908264,"Ceramides",0.992210268974304,"Unknown",0.518883764743805,NA,NA,NA,NA,NA,NA,NA,NA,NA,NA,NA,NA,NA,"Host","Ceramides",NA
"24","x23773_816_58652_11_512",23773,"Oligopeptides","C45H77N5O8","[M + H]+","C45H77N5O8","Amino acids and Peptides",0.996496021747589,"Oligopeptides",0.980542540550232,"Unknown",0.266911000013351,"Peptides",0.95734179019928,NA,NA,NA,NA,NA,NA,NA,NA,NA,NA,NA,NA,NA,"Host","Unknown",NA
"25","x27953_622_57686_12_709",27953,"Sphingolipids","C39H75NO4","[M + H]+","C39H75NO4","Fatty acids",0.999662399291992,"Sphingolipids",0.997697412967682,"Ceramides",0.999066650867462,"Unknown",0.522034823894501,NA,NA,NA,NA,NA,NA,NA,NA,NA,NA,NA,NA,NA,"Host","Ceramides",NA
"26","x27910_716_55909_12_685",27910,"Phosphatidylglyceroethanolamines","C42H73N3O6","[M + H]+","C42H73N3O6","Polyketides",0.933653116226196,"Unknown",0.688313484191895,"Depsipeptides",0.851322948932648,"Unknown",0.72456282377243,NA,NA,NA,NA,NA,0.903367,0.255534,"Phospholipid","Phosphatidylglyceroethanolamines","PE (mono-alkyl-mono-acyl)",716.5589,"KARP",172570,"Host","PE (mono-alkyl-mono-acyl)","PE(O-35:2) [M+H]"
"27","x29010_632_59734_12_997",29010,"Sphingolipids","C41H77NO3","[M + H]+","C41H77NO3","Fatty acids",0.999769866466522,"Sphingolipids",0.966980159282684,"Ceramides",0.996048986911774,"Unknown",0.577662706375122,NA,NA,NA,NA,NA,NA,NA,NA,NA,NA,NA,NA,NA,"Host","Ceramides",NA
"28","x4603_428_37317_3_509",4603,"Fatty esters","C25H49NO4","[M + H]+","C25H49NO4","Fatty acids",0.998413443565369,"Fatty esters",0.999111711978912,"Fatty acyl carnitines",0.922754287719727,"Unknown",0.663057029247284,0.912177,0.498685,"Massbank:RP025603 Stearoyl-L-Carnitine|stearoylcarnitine|3-octadecanoyloxy-4-(trimethylazaniumyl)butanoate","Fatty Acyls","Fatty acid esters",NA,NA,NA,NA,NA,NA,NA,NA,"Host","Fatty acyl carnitines",NA
"29","x31752_616_60362_13_621",31752,"Sphingolipids","C41H77NO2","[M + H]+","C41H77NO2","Fatty acids",0.998127281665802,"Sphingolipids",0.997673094272614,"Ceramides",0.994165360927582,"Unknown",0.784579336643219,NA,NA,NA,NA,NA,NA,NA,NA,NA,NA,NA,NA,NA,"Host","Ceramides",NA
"30","x25148_688_52796_11_954",25148,"Unknown","C40H69N3O6","[M + H]+","C40H69N3O6","Polyketides",0.959011733531952,"Unknown",0.75249308347702,"Unknown",0.8207728266716,"Unknown",0.613169014453888,NA,NA,NA,NA,NA,NA,NA,NA,NA,NA,NA,NA,NA,"Host","Unknown",NA
"31","x7773_524_40783_4_468",7773,"Phosphatidylglycerocholines","C27H58NO6P","[M + H]+","C27H58NO6P","Fatty acids",0.999989986419678,"Glycerophospholipids",0.99981015920639,"Glycerophosphocholines",0.999031662940979,"Glycerophosphocholines",0.956470608711243,NA,NA,NA,NA,NA,0.97895,0.698333,"Phospholipid","Phosphatidylglycerocholines","Lyso-PC(alkyl)",524.40757,"Niarox",46401,"Host","Lyso-PC(alkyl)","Lyso-PC(O-19:0) [M+H]+"
"32","x30556_650_6087_13_352",30556,"Sphingolipids","C41H79NO4","[M + H]+","C41H79NO4","Fatty acids",0.999735653400421,"Sphingolipids",0.998124659061432,"Ceramides",0.99921441078186,"Unknown",0.50284880399704,NA,NA,NA,NA,NA,NA,NA,NA,NA,NA,NA,NA,NA,"Host","Ceramides",NA
"33","x29160_618_58231_13_036",29160,"Sphingolipids","C38H77NO3","[M + Na]+","C38H77NO3","Fatty acids",0.999782741069794,"Sphingolipids",0.985000371932983,"Ceramides",0.998060286045074,"Unknown",0.521030783653259,NA,NA,NA,NA,NA,NA,NA,NA,NA,NA,NA,NA,NA,"Host","Ceramides",NA
"34","x23919_766_53723_11_563",23919,"Phosphatidylglyceroethanolamines","C43H76NO8P","[M + H]+","C43H76NO8P","Fatty acids",0.99769777059555,"Glycerophospholipids",0.999906897544861,"Glycerophosphoethanolamines",0.992078006267548,"Phosphatidylethanolamines",0.970750689506531,NA,NA,NA,NA,NA,0.905968,1.19437,"Phospholipid","Phosphatidylglyceroethanolamines","PE (diacyl)",766.5381,"KARP",150326,"Host","PE (diacyl)","PE(38:5) [M+H]+"
"35","x17026_731_53528_8_146",17026,"Unknown","C42H74N4O2S2","[M + H]+","C42H74N4O2S2","Unknown",0.729844629764557,"Unknown",0.336323022842407,"Unknown",0.528271853923798,"N-acyl amines",0.930099129676819,NA,NA,NA,NA,NA,NA,NA,NA,NA,NA,NA,NA,NA,"Host","Unknown",NA
"36","x19662_682_59798_9_245",19662,"Fatty esters","C41H79NO6","[M + H]+","C41H79NO6","Fatty acids",0.999680161476135,"Fatty esters",0.991192758083344,"Unknown",0.69234836101532,"Fatty acid esters",0.995645046234131,NA,NA,NA,NA,NA,NA,NA,NA,NA,NA,NA,NA,NA,"Host","Unknown",NA
"37","x20695_534_48856_9_8",20695,"Sphingolipids","C34H63NO3","[M + H]+","C34H63NO3","Fatty acids",0.99945479631424,"Sphingolipids",0.996263802051544,"Ceramides",0.996723711490631,"Ceramides",0.99983823299408,NA,NA,NA,NA,NA,NA,NA,NA,NA,NA,NA,NA,NA,"Host","Ceramides",NA
"38","x23839_960_65237_11_539",23839,"Unknown","C57H87N5O6","[M + Na]+","C57H87N5O6","Unknown",0.652248442173004,"Unknown",0.754563868045807,"Unknown",0.590115964412689,"Amino acids and derivatives",0.854426145553589,NA,NA,NA,NA,NA,NA,NA,NA,NA,NA,NA,NA,NA,"Host","Unknown",NA
"39","x33723_630_61906_14_068",33723,"Sphingolipids","C42H79NO2","[M + H]+","C42H79NO2","Fatty acids",0.999608218669891,"Sphingolipids",0.997953176498413,"Ceramides",0.998348832130432,"Ceramides",0.998772084712982,NA,NA,NA,NA,NA,NA,NA,NA,NA,NA,NA,NA,NA,"Host","Ceramides",NA
"40","x11971_465_3365_6_009",11971,"Unknown","C31H44O3","[M + H]+","C31H44O3","Terpenoids",0.997413992881775,"Unknown",0.364728420972824,"Unknown",0.0956589952111244,"Unknown",0.759497582912445,NA,NA,NA,NA,NA,NA,NA,NA,NA,NA,NA,NA,NA,"Host","Unknown",NA
"41","x18859_696_5408_8_846",18859,"Hexosylceramides","C40H73NO8","[M + H]+","C40H73NO8","Fatty acids",0.998432576656342,"Sphingolipids",0.997413575649262,"Neutral glycosphingolipids",0.999704420566559,"Glycosyl-N-acylsphingosines",0.913446843624115,NA,NA,NA,NA,NA,0.864732,3.24218,"Neutral Glycosphingolipids","Hexosylceramides","HexCer",696.5385,"Niarox",76464,"Host","HexCer","HexCer(32:0;O2) [M+Na]+"
"42","x28298_846_63435_12_802",28298,"Unknown","C50H85N3O6","[M + Na]+","C50H85N3O6","Unknown",0.557301640510559,"Unknown",0.759157180786133,"Unknown",0.506596028804779,"Unknown",0.827474892139435,NA,NA,NA,NA,NA,NA,NA,NA,NA,NA,NA,NA,NA,"Host","Unknown",NA
"43","x22863_768_59077_10_971",22863,"Unknown",NA,NA,NA,"Unknown",NA,"Unknown",NA,"Unknown",NA,"Unknown",NA,NA,NA,NA,NA,NA,NA,NA,NA,NA,NA,NA,NA,NA,"Host","PC(alkyl)","PC(O-36:4) [M+H]+"
"44","x22902_794_60499_10_997",22902,"Unknown",NA,NA,NA,"Unknown",NA,"Unknown",NA,"Unknown",NA,"Unknown",NA,NA,NA,NA,NA,NA,NA,NA,NA,NA,NA,NA,NA,NA,"Host","PC(alkyl)","PC(O-38:5) [M+H]+"
"45","x26056_772_62178_12_23",26056,"Unknown",NA,NA,NA,"Unknown",NA,"Unknown",NA,"Unknown",NA,"Unknown",NA,NA,NA,NA,NA,NA,NA,NA,NA,NA,NA,NA,NA,NA,"Host","PC(alkyl)","PC(O-36:2) [M+H]+"
"46","x25734_822_63619_12_121",25734,"Unknown",NA,NA,NA,"Unknown",NA,"Unknown",NA,"Unknown",NA,"Unknown",NA,NA,NA,NA,NA,NA,NA,NA,NA,NA,NA,NA,NA,NA,"Host","PC(alkyl)","PC(O-40:5) [M+H]+"
"47","x22257_558_48585_10_595",22257,"Unknown",NA,NA,NA,"Unknown",NA,"Unknown",NA,"Unknown",NA,"Unknown",NA,NA,NA,NA,NA,NA,NA,NA,NA,NA,NA,NA,NA,NA,"Host","Unknown",NA
"48","x27615_824_65407_12_621",27615,"Unknown",NA,NA,NA,"Unknown",NA,"Unknown",NA,"Unknown",NA,"Unknown",NA,NA,NA,NA,NA,NA,NA,NA,NA,NA,NA,NA,NA,NA,"Host","PC(alkyl)","PC(O-40:4) [M+H]+"
"49","x24838_770_60774_11_835",24838,"Unknown",NA,NA,NA,"Unknown",NA,"Unknown",NA,"Unknown",NA,"Unknown",NA,NA,NA,NA,NA,NA,NA,NA,NA,NA,NA,NA,NA,NA,"Host","PC(alkyl)","PC(O-36:3) [M+H]+"
"50","x26360_766_62066_12_319",26360,"Hexosylceramides",NA,NA,NA,"Unknown",NA,"Unknown",NA,"Unknown",NA,"Unknown",NA,NA,NA,NA,NA,NA,0.77048,5.25467,"Neutral Glycosphingolipids","Hexosylceramides","HexCer",766.6167,"Niarox",95068,"Host","HexCer","HexCer(37:0;O2) [M+Na]+"
"51","x19261_1286_02582_9_046",19261,"Unknown",NA,NA,NA,"Unknown",NA,"Unknown",NA,"Unknown",NA,"Unknown",NA,NA,NA,NA,NA,NA,NA,NA,NA,NA,NA,NA,NA,NA,"Host","Unknown",NA
"52","x26387_806_61119_12_325",26387,"Unknown",NA,NA,NA,"Unknown",NA,"Unknown",NA,"Unknown",NA,"Unknown",NA,NA,NA,NA,NA,NA,NA,NA,NA,NA,NA,NA,NA,NA,"Host","Unknown",NA
"53","x29153_834_64268_13_004",29153,"Unknown",NA,NA,NA,"Unknown",NA,"Unknown",NA,"Unknown",NA,"Unknown",NA,NA,NA,NA,NA,NA,NA,NA,NA,NA,NA,NA,NA,NA,"Host","Unknown",NA
"54","x30258_690_60437_13_288",30258,"Diacylglycerols",NA,NA,NA,"Unknown",NA,"Unknown",NA,"Unknown",NA,"Unknown",NA,NA,NA,NA,NA,NA,0.930115,1.85597,"Glycerolipid","Diacylglycerols","Diacylglycerols",690.6031,"Niarox",102205,"Host","Diacylglycerols","DAG(18:0/22:4) [M+NH4]+"
"55","x19452_766_57545_9_157",19452,"Unknown",NA,NA,NA,"Unknown",NA,"Unknown",NA,"Unknown",NA,"Unknown",NA,0.922669,4.53839,"Spectral Match to Eicosapentaenoyl PAF C-16 from NIST14","Glycerophospholipids","Glycerophosphocholines",NA,NA,NA,NA,NA,NA,NA,NA,"Host","PC(alkyl)","PC(O-36:5) [M+H]+"
"56","x22268_1093_9823_10_598",22268,"Unknown",NA,NA,NA,"Unknown",NA,"Unknown",NA,"Unknown",NA,"Unknown",NA,NA,NA,NA,NA,NA,NA,NA,NA,NA,NA,NA,NA,NA,"Host","Unknown",NA
"57","x40713_858_79187_16_592",40713,"Monoalkyldiacylglycerols",NA,NA,NA,"Unknown",NA,"Unknown",NA,"Unknown",NA,"Unknown",NA,NA,NA,NA,NA,NA,0.963022,2.2032,"Glycerolipid","Monoalkyldiacylglycerols","MADAG",858.79,"Niarox",118280,"Host","MADAG","MADAG(O-16:0/16:0/20:4) [M+NH4]+"
"58","x19970_750_54977_9_407",19970,"Unknown",NA,NA,NA,"Unknown",NA,"Unknown",NA,"Unknown",NA,"Unknown",NA,NA,NA,NA,NA,NA,NA,NA,NA,NA,NA,NA,NA,NA,"Host","Unknown",NA
"59","x34772_648_7388_14_298",34772,"Unknown",NA,NA,NA,"Unknown",NA,"Unknown",NA,"Unknown",NA,"Unknown",NA,NA,NA,NA,NA,NA,NA,NA,NA,NA,NA,NA,NA,NA,"Host","Unknown",NA
"60","x30257_695_55899_13_286",30257,"Unknown",NA,NA,NA,"Unknown",NA,"Unknown",NA,"Unknown",NA,"Unknown",NA,NA,NA,NA,NA,NA,NA,NA,NA,NA,NA,NA,NA,NA,"Host","Unknown",NA
"61","x38690_910_8219_15_662",38690,"Monoalkyldiacylglycerols",NA,NA,NA,"Unknown",NA,"Unknown",NA,"Unknown",NA,"Unknown",NA,NA,NA,NA,NA,NA,0.768864,1.13919,"Glycerolipid","Monoalkyldiacylglycerols","MADAG",910.822935,"KARP",238567,"Host","MADAG","MADAG(56:6) [M+NH4]+"
"62","x30287_848_65893_13_29",30287,"Unknown",NA,NA,NA,"Unknown",NA,"Unknown",NA,"Unknown",NA,"Unknown",NA,NA,NA,NA,NA,NA,NA,NA,NA,NA,NA,NA,NA,NA,"Host","Unknown",NA
"63","x40828_884_80748_16_617",40828,"Monoalkyldiacylglycerols",NA,NA,NA,"Unknown",NA,"Unknown",NA,"Unknown",NA,"Unknown",NA,NA,NA,NA,NA,NA,0.853296,0.413888,"Glycerolipid","Monoalkyldiacylglycerols","MADAG",884.807135,"KARP",239368,"Host","MADAG","MADAG(O-18:0/16:0/20:5) [M+NH4]+"
"64","x28474_866_66505_12_86",28474,"Unknown",NA,NA,NA,"Unknown",NA,"Unknown",NA,"Unknown",NA,"Unknown",NA,NA,NA,NA,NA,NA,NA,NA,NA,NA,NA,NA,NA,NA,"Host","PC(diacyl)","PC(42:4)"
"65","x27311_852_64963_12_553",27311,"Unknown",NA,NA,NA,"Unknown",NA,"Unknown",NA,"Unknown",NA,"Unknown",NA,NA,NA,NA,NA,NA,NA,NA,NA,NA,NA,NA,NA,NA,"Host","PC(diacyl)","PC(41:4)"
"66","x27604_822_63483_12_635",27604,"Unknown",NA,NA,NA,"Unknown",NA,"Unknown",NA,"Unknown",NA,"Unknown",NA,NA,NA,NA,NA,NA,NA,NA,NA,NA,NA,NA,NA,NA,"Host","PC(alkyl)","PC(O-40:5) [M+H]+"
"67","x11174_708_4958_5_756",11174,"Unknown",NA,NA,NA,"Unknown",NA,"Unknown",NA,"Unknown",NA,"Unknown",NA,NA,NA,NA,NA,NA,NA,NA,NA,NA,NA,NA,NA,NA,"Host","Glycerophosphocholines",NA
