"","metabolite","compound_class","refined_origin","XGBoost_Importance","RandomForest_Importance","scler_ubiquity","non_scler_ubiquity","total_ubiquity","ubiquity_diff"
"1","x39975_976_83346_16_206","Unknown","Both",0.11217201,0.00480323365897838,96.0280373831776,4.41176470588235,73.4154929577465,91.6162726772953
"2","x39055_948_80202_15_826","TAG","Both",0.10418063,0.00698051213296876,96.4953271028037,9.55882352941176,75,86.9365035733919
"3","x15256_518_49365_7_407","Ceramides","Host",0.07955348,0.00722493405135378,100,45.5882352941176,86.6197183098592,54.4117647058824
"4","x39541_932_80618_16_033","MADAG","Host",0.044424374,0.0065631092870717,91.8224299065421,3.67647058823529,70.0704225352113,88.1459593183068
"5","x40448_910_82144_16_435","MADAG","Host",0.03891233,0.00817260298330554,93.2242990654206,2.20588235294118,70.7746478873239,91.0184167124794
"6","x39264_974_81744_15_901","TAG","Both",0.02040463,0.00845684209094558,99.5327102803738,21.3235294117647,80.1056338028169,78.2091808686091
"7","x26336_604_56644_12_314","Ceramides","Host",0.019206434,0.00185613384276274,100,77.9411764705882,94.5422535211268,22.0588235294118
"8","x38809_870_75649_15_74","TAG","Both",0.0152834635,0.00459982687751086,99.0654205607477,54.4117647058823,88.2042253521127,44.6536558548654
"9","x37944_820_73708_15_311","TAG","Both",0.010271337,0.00131719040182442,94.392523364486,12.5,74.1197183098592,81.892523364486
"10","x32551_534_56198_13_781","Unknown","Both",0.007456639,0.00393130360685231,98.1308411214953,31.6176470588235,82.0422535211268,66.5131940626718
"11","x39995_882_7922_16_226","Unknown","Both",0.0050487113,0.00520738335699523,91.3551401869159,2.94117647058824,69.5422535211268,88.4139637163277
"12","x21706_518_49399_10_315","Ceramides","Host",0.0049213734,0.00548170818423324,99.7663551401869,52.2058823529412,88.2042253521127,47.5604727872457
"13","x29030_614_5872_12_997","Ceramides","Host",0.003692907,0.00427607556784766,98.8317757009346,34.5588235294118,83.2746478873239,64.2729521715228
"14","x37719_944_77041_15_287","TAG","Symbiont",0.0030896764,0.00439293762151564,98.3644859813084,17.6470588235294,78.3450704225352,80.717427157779
"15","x36514_468_51389_14_901","Unknown","Both",0.0013775693,0.00223842969498776,98.1308411214953,100,98.5915492957747,-1.86915887850471
"16","x27982_604_56684_12_699","Ceramides","Host",0,0.00105602201154742,99.2990654205608,76.4705882352941,93.6619718309859,22.8284771852667
"17","x30506_632_59866_13_341","Ceramides","Host",0,0.00101120394481322,99.5327102803738,78.6764705882353,94.5422535211268,20.8562396921385
"18","x38259_898_78379_15_478","Unknown","Both",0,0.00179629562235231,99.0654205607477,82.3529411764706,94.8943661971831,16.7124793842771
"19","x31750_634_61382_13_623","Ceramides","Host",0,0.00147399261138957,99.0654205607477,74.2647058823529,93.1338028169014,24.8007146783948
"20","x29010_632_59734_12_997","Ceramides","Host",0,0.00424641776209575,100,69.8529411764706,92.6056338028169,30.1470588235294
"21","x36235_944_7677_14_744","TAG","Symbiont",0,0.00124997971469526,98.3644859813084,58.8235294117647,88.7323943661972,39.5409565695437
"22","x21089_682_59818_10_006","Unknown","Host",0,0.00160969460399647,99.0654205607477,58.0882352941177,89.0845070422535,40.97718526663
"23","x23859_915_59649_11_544","PI (diacyl)","Both",0,0.0019565360456566,98.3644859813084,71.3235294117647,91.7253521126761,27.0409565695437
"24","x36349_970_7825_14_831","TAG","Both",0,0.00103297225128635,100,63.9705882352941,91.1971830985916,36.0294117647059
"25","x34236_914_72143_14_183","TAG","Symbiont",0,0.0044705679922273,95.7943925233645,33.0882352941176,80.6338028169014,62.7061572292469
"26","x33780_862_69116_14_061","TAG","Symbiont",0,0.00381296150458779,94.1588785046729,16.1764705882353,74.8239436619718,77.9824079164376
"27","x37099_894_75125_15_027","TAG","Both",0,0.00355177562034295,90.6542056074766,14.7058823529412,71.830985915493,75.9483232545354
"28","x27832_618_58246_12_68","Ceramides","Host",0,0.00155295988472913,100,70.5882352941177,92.7816901408451,29.4117647058823
"29","x19257_500_48165_9_045","Unknown","Host",0,0.00379937503247981,99.0654205607477,47.7941176470588,86.6197183098592,51.2713029136889
"30","x37527_998_81385_15_195","TAG","Both",0,0.00551605289759289,97.4299065420561,34.5588235294118,81.6901408450704,62.8710830126443
"31","x22282_500_48306_10_601","N-acyl amines","Host",0,0.00241242117279841,99.2990654205608,63.9705882352941,90.669014084507,35.3284771852667
"32","x36528_971_78626_14_869","Unknown","Both",0,0.00181041826423914,97.6635514018692,43.3823529411765,84.5070422535211,54.2811984606927
"33","x30313_614_58869_13_294","Ceramides","Host",0,0.00340509754616896,98.5981308411215,44.1176470588235,85.2112676056338,54.480483782298
"34","x29051_912_70673_12_988","Unknown","Symbiont",0,0.00121789787909066,96.2616822429907,53.6764705882353,85.9154929577465,42.5852116547554
"35","x34643_1018_7836_14_29","TAG","Symbiont",0,0.00214427246965466,92.9906542056075,27.9411764705882,76.9366197183099,65.0494777350193
"36","x23446_710_62854_11_336","Unknown","Host",0,0.00142882949859736,97.4299065420561,38.9705882352941,83.2746478873239,58.459318306762
"37","x23293_760_64529_11_233","TAG","Host",0,0.00280183338639472,93.2242990654206,27.9411764705882,76.9366197183099,65.2831225948324
"38","x15214_800_50547_7_387","Cyclic peptides","Host",0,0.00126057175241523,91.588785046729,30.8823529411765,76.4084507042253,60.7064321055525
"39","x22286_262_25238_10_601","Unknown","Host",0,0.0033148804615646,98.8317757009346,48.5294117647059,86.6197183098592,50.3023639362287
"40","x24018_710_62926_11_604","Unknown","Host",0,0.00296183643351179,97.196261682243,41.1764705882353,83.6267605633803,56.0197910940077
"41","x33912_426_46694_14_117","Unknown","Both",0,0.00145439663796593,100,100,100,0
"42","x30325_673_57807_13_293","DAG","Host",0,0.00242760103103018,97.4299065420561,26.4705882352941,79.7535211267606,70.959318306762
"43","x32212_861_67756_13_718","TQ/THQs","Symbiont",0,0.00130560007048734,92.9906542056075,28.6764705882353,77.2887323943662,64.3141836173722
"44","x19679_518_49359_9_2","Unknown","Host",0,0.00278550933382853,99.7663551401869,57.3529411764706,89.4366197183099,42.4134139637163
"45","x38140_910_78372_15_428","Unknown","Both",0,0.00207651586309988,96.7289719626168,33.8235294117647,80.9859154929577,62.9054425508521
"46","x39737_662_71722_16_103","Unknown","Both",0,0.00314813812717996,94.8598130841121,100,96.1267605633803,-5.1401869158879
"47","x32235_412_45134_13_734","Hydrocarbons","Both",0,0.00140290627018795,99.0654205607477,100,99.2957746478873,-0.934579439252303
"48","x35188_917_73124_14_421","Unknown","Symbiont",0,0.0025422637990923,91.8224299065421,19.8529411764706,74.1197183098592,71.9694887300715
"49","x25984_830_3443_12_211","Unknown","Both",0,0.00293225540471643,96.0280373831776,100,97.0070422535211,-3.9719626168224
"50","x35891_638_64451_14_668","Ceramides","Both",0,0.00228774678525792,96.0280373831776,58.0882352941177,86.443661971831,37.9398020890599
"51","x23621_752_56134_11_435","PE (mono-alkyl-mono-acyl)","Host",0,0.0012861753084603,92.0560747663551,75,88.0281690140845,17.0560747663551
"52","x35205_566_58565_14_447","Unknown","Both",0,0.00147484824142607,94.6261682242991,100,95.9507042253521,-5.37383177570091
"53","x39596_872_77229_16_05","TAG","Both",0,0.00357541655251689,95.7943925233645,22.7941176470588,77.6408450704225,73.0002748763057
"54","x38490_972_80122_15_591","TAG","Both",0,0.00409610841068272,97.4299065420561,13.9705882352941,76.7605633802817,83.459318306762
"55","x36672_842_72239_14_928","TAG","Both",0,0.00566758763518378,97.4299065420561,40.4411764705882,83.6267605633803,56.9887300714679
"56","x39503_1000_83267_15_996","TAG","Both",0,0.00844043423934996,95.0934579439252,6.61764705882353,73.2394366197183,88.4758108851017
"57","x30808_912_70408_13_414","Unknown","Symbiont",0,0.00178364843938667,92.0560747663551,16.1764705882353,73.4154929577465,75.8796041781198
"58","x39601_906_79162_16_052","MADAG","Host",0,0.00327802871507795,91.8224299065421,11.0294117647059,71.830985915493,80.7930181418362
"59","x37580_606_65484_15_21","Unknown","Both",0,0.00171351196944663,98.5981308411215,100,98.943661971831,-1.4018691588785
"60","x38776_634_6867_15_697","Unknown","Both",0,0.00187768380369853,90.8878504672897,100,93.1338028169014,-9.1121495327103
"71","x33473_624_62987_14_015","Ceramides","Host",0.005459797,0.000141387747712668,98.3644859813084,52.2058823529412,87.1478873239437,46.1586036283672
"76","x19279_643_51751_9_054","CAEP","Host",0.002972746,0,100,82.3529411764706,95.5985915492958,17.6470588235294
"77","x3156_482_36064_2_937","Lyso-PC(alkyl)","Host",0.0021115916,0,100,93.3823529411765,98.4154929577465,6.61764705882349
"78","x26021_752_55957_12_218","PE (mono-alkyl-mono-acyl)","Host",0.0018198426,0.000426020019277933,99.7663551401869,66.1764705882353,91.5492957746479,33.5898845519516
"79","x27790_843_70444_12_67","HexCer","Both",0.0013900644,0,99.0654205607477,70.5882352941177,92.0774647887324,28.47718526663
"81","x39508_898_78752_16_02","TAG","Both",0.0010850346,0.000453867669400825,95.0934579439252,38.2352941176471,80.8098591549296,56.8581638262781
